dose,cv_iiv,AUC_E,Cmax,herg_rate,caco_rate,composite_score,constraints_met,efficacy_score,safety_score
200.0,0.15,30.851303604685693,19.948810107269104,1.0,0.7000357133746821,-8.705954998487508,False,2.0567535736457128,0.1499821433126589
